time,S_1,S_2,S_3,S_4,N_2,A_3,S_4_ex
0.0,1.187,0.193,0.05,0.115,0.077,2.475,0.077
0.01,1.166653366792288,0.19190105093342386,0.05294441544078427,0.11285419568148261,0.07815519576744559,2.466271600254951,0.07481348174002275
0.02,1.1463067335845762,0.19080931551750835,0.05597990368375622,0.11060919806956303,0.07930142756946275,2.456416876353187,0.07267497941748009
0.03,1.1259601003768642,0.18972473432902143,0.05910712499756022,0.10826575279182268,0.08043852222659337,2.445428754396175,0.07058543180480518
0.04,1.1056134671691524,0.18864724836659963,0.062326434602769765,0.10582490262133469,0.0815663027919942,2.4333097333466323,0.06854575266604361
0.05,1.0852668339614406,0.18757679905074795,0.0656378826718876,0.10328798747666379,0.08268458855143679,2.420071885028524,0.0665568307568534
0.06,1.0649202007537288,0.18651332822383995,0.06904121432934561,0.10065664442186639,0.08379319502330755,2.4057368541270634,0.064619529824505
0.07,1.0445735675460166,0.18545677814902836,0.07253585688320802,0.09793281851951961,0.0848919345150553,2.3903348351081375,0.06273468605688552
0.08,1.0242269343383048,0.1844070914942993,0.07612087185163205,0.09511879813759984,0.0859806195734135,2.373887975150631,0.060903091092729414
0.09,1.003880301130593,0.18336421133421546,0.07979510600570981,0.09221708307950954,0.08705905697420475,2.3564104997059143,0.05912551746655329
0.1,0.9835336679228811,0.18232808114944182,0.08355695462463873,0.08923059662731432,0.088127055051191,2.33791097764448,0.05740268592575297
0.11,0.9631870347151691,0.18129864482511393,0.08740431655778914,0.08616272486146026,0.08918442535674567,2.318391090914703,0.055735257970870776
0.12,0.9428404015074574,0.18027584665083798,0.09133459422470412,0.08301731666077415,0.09023098266185353,2.297845634542841,0.05412383585559558
0.13,0.9224937682997455,0.1792596313206906,0.09534469361509987,0.07979868370246314,0.09126654495611078,2.2762625166330337,0.05256896258676273
0.14,0.9021471350920333,0.17824994393321905,0.09943102428886542,0.07651160046211497,0.09229093344772504,2.253622758367302,0.05107112192435408
0.15,0.8818005018843225,0.17724672999144137,0.1035894993760622,0.07316130421369836,0.09330397256351528,2.229900494005552,0.04963073838149816
0.16,0.8614538686766096,0.17624993541664913,0.10781557375541198,0.06975343615082899,0.09430549663728592,2.205067167631414,0.04824814876656207
0.17,0.8411072354688977,0.17525950654750183,0.11210396049405935,0.06629429410104208,0.09529535838245264,2.179098811986952,0.04692355962704835
0.18,0.8207606022611857,0.17427539008036083,0.1164482443639213,0.06279131417183524,0.0962733966340227,2.151959224269637,0.04565718151133722
0.19,0.8004139690534737,0.1732975331638636,0.12084135693272235,0.05925250074685387,0.09723946790944013,2.123619630392718,0.044449101169283314
0.2,0.7800673358457616,0.17232588340596539,0.12527560787009814,0.05568638661419159,0.09819344923219808,2.094060412598642,0.043299269856027535
0.21,0.7597207026380499,0.17136038887393942,0.12974268494759547,0.052102032966390266,0.09913523813183897,2.0632711094590546,0.04220750333199709
0.22,0.7393740694303377,0.17040099809437664,0.1342336540386726,0.04850902940043966,0.10006475264395441,2.031250415874797,0.041173481862905384
0.23,0.7190274362226262,0.16944766005318593,0.13873895911869852,0.0449174939177781,0.10098193131018517,1.9980061830759122,0.0401967502197522
0.24,0.698680803014914,0.16850032419559394,0.14324842226495418,0.04133807292429153,0.10188673317822133,1.9635554186216357,0.03927671767882347
0.25,0.6783341698072024,0.16755894042614525,0.14775124365663092,0.03778194123031461,0.10277913780180205,1.9279242864004071,0.03841265802169153
0.26,0.657987536599491,0.16662345910870227,0.1522360015748318,0.03426080205062983,0.10365914524071575,1.8911481066298597,0.0376037095352149
0.27,0.6376409033917784,0.16569383106644514,0.15669065240257132,0.030786887004467654,0.10452677606080016,1.853271355856823,0.036848875011538336
0.28,0.6172942701840651,0.16477000768768701,0.16110291942425917,0.027372563600913766,0.10538207253591651,1.8143449221654961,0.0361470421928421
0.29,0.596947636976353,0.16385194110947557,0.1654607136358894,0.02402984696888805,0.10622511658604093,1.7744360539166963,0.0354969225498053
0.3,0.5766010037686408,0.16293958373389195,0.16975060511409515,0.02077193170087736,0.10705602949423934,1.7336403962719027,0.03489693439463777
0.31,0.5562543705609284,0.16203288855489253,0.1739595019110424,0.01761156584844625,0.10787496001860848,1.6920553613555993,0.03434536693398978
0.32,0.5359077373532161,0.1611318091881172,0.1780747756107542,0.014560926919501886,0.10868208408315726,1.6497786628158206,0.033840390121627664
0.33,0.5155611041455037,0.16023629987088941,0.18208426132911046,0.01163162187829408,0.10947760477780669,1.606908315824153,0.033380054658433904
0.34,0.49521447093779103,0.159346315462216,0.18597625771384813,0.008834687145415212,0.11026175235838995,1.563542637075732,0.032962291992407085
0.35,0.4748678377300787,0.1584618114427875,0.18973952694456095,0.006180588597800428,0.11103478424665233,1.5197802447892477,0.03258491431866191
0.36,0.4545212045223657,0.15758274391497779,0.19336329473269986,0.003679221568727305,0.11179698503025132,1.475720058706936,0.032245614579429156
0.37,0.43417457131465376,0.15670906960284434,0.19683725032157232,0.0013399108478163026,0.11254866646275644,1.4314613000945904,0.03194196646405578
0.38,0.4138279381069407,0.15584074585212807,0.20015154648634334,-0.0008285893189698135,0.1132901674636495,1.3871034917415472,0.031671424409004785
0.39,0.39348130489922806,0.15497773063025352,0.20329679953403434,-0.0028180952293253418,0.11402185411832433,1.3427464579607018,0.031431323597855325
0.4,0.3731346716915144,0.15411998252888545,0.2062644290244848,-0.004621321949121442,0.11474411659306537,1.298498923076303,0.031218900993233777
0.41,0.35278803848380147,0.15326746082316467,0.20904887530001334,-0.0062340298554352195,0.1154573529395059,1.2545011699134336,0.0310314315381213
0.42,0.33244140527608823,0.15242012547615708,0.2116431183220652,-0.0076506721954017354,0.11616200654554024,1.2107853183194157,0.0308659938150427
0.43,0.312094772068375,0.15157793708731637,0.21404088099352037,-0.008866490701711065,0.11685853301362507,1.167388420106834,0.030719652390307186
0.44,0.29174813886066164,0.15074085689078529,0.21623736319742973,-0.009878222523482479,0.11754739242276965,1.124376941612162,0.030589506060497106
0.45,0.27140150565294807,0.1499088467553957,0.2182292417970149,-0.010684100226264434,0.1182290493285358,1.081846763695761,0.030472687852467983
0.46,0.2510548724452347,0.14908186918466867,0.2200146706356683,-0.011283851792034583,0.11890397276303785,1.0399231817418808,0.0303663650233485
0.47,0.2307082392375213,0.14825988731681436,0.2215932805369532,-0.011678700619199756,0.11957263623494273,0.9987609056586594,0.030267739060540488
0.48,0.21036160602980702,0.14744286492473196,0.22296617930460377,-0.011871365522595963,0.12023551772946993,0.9585440598781206,0.030174045681718942
0.49,0.19001497282209381,0.14663076641600997,0.22413595172252476,-0.01186606073348846,0.12089309970839143,0.9194861833561825,0.03008255483483203
0.5,0.1696683396143804,0.14582355683292583,0.2251066595547919,-0.011668495899571604,0.12154586911003183,0.8818302295726448,0.029990570698101064
0.51,0.1493217064066666,0.14502120185244624,0.2258838415456517,-0.011285876084968978,0.12219431734926828,0.8458485665311978,0.029895431680020516
0.52,0.12897507319895177,0.14422366777309806,0.22647415442070362,-0.010726520057103594,0.12283893380421979,0.8118181261037776,0.029794545110731936
0.53,0.10862843999123786,0.14343092123642417,0.22688025524884672,-0.009994303463829965,0.12348008352848999,0.779772154456707,0.02968605250211345
0.54,0.08828180678352411,0.14264292959850292,0.22711904822881693,-0.00910766964312972,0.12411823275261596,0.7507977642761441,0.02956764680667432
0.55,0.0679351735758108,0.14185966071087655,0.22721576191888193,-0.008093307222610762,0.12475382750362661,0.7262344816748479,0.029437185119139838
0.56,0.04758854036809796,0.14108108277080136,0.22719940480845838,-0.006981336953199561,0.12538721526630345,0.7073049779221305,0.029293100333413282
0.57,0.027241907160385926,0.14030716432124765,0.2271027653181119,-0.005805311709141173,0.12601864498318072,0.6951150694438568,0.029134401142575955
0.58,0.0068952739526745585,0.13953787425089972,0.22696241179955712,-0.004602216487999186,0.12664826705454518,0.690653717822444,0.02896067203888716
0.59,-0.013451359255036033,0.13877318179415588,0.22681869253565756,-0.003412468410655798,0.12727613333843632,0.6947930297968626,0.028772073313784206
0.6,-0.033797992462745764,0.13801305653112847,0.22671573574042572,-0.002279916721311764,0.12790219715064624,0.7082882572626361,0.02856934105788242
0.61,-0.05414462567045624,0.13725746838764372,0.2267014495590231,-0.0012518427874863524,0.1285263132647197,0.7317777972718433,0.028353787160975114
0.62,-0.07449125887816518,0.13650638758945471,0.22682785272825495,-0.00037929829869911327,0.12914824118944176,0.7657308087238316,0.028127276309490266
0.63,-0.09483789208587418,0.13575978365088512,0.22715157211384762,0.0002824002226691487,0.12976766336387038,0.8087720500411474,0.02789200164850307
0.64,-0.11518452529358311,0.13501762640610115,0.22771118682894634,0.0006966988394811557,0.13038404033435533,0.858576011210412,0.027651349509542875
0.65,-0.13553115850129194,0.13427988580534292,0.2285363167926517,0.0008362734410191725,0.13099674850996532,0.9133016772151906,0.027409120914590492
0.66,-0.15587779170900085,0.13354653155431948,0.22965202727266137,0.0006785017832963105,0.13160512574566702,0.97141160961866,0.02716924418945752
0.67,-0.17622442491670978,0.1328175331142088,0.2310788288852697,0.00020546348905653035,0.13220847134232508,1.031671946563608,0.026935774963786352
0.68,-0.19657105812441875,0.13209285970165782,0.23283267759536813,-0.0005960599522253599,0.13280604604670213,1.0931524027724344,0.02671289617105017
0.69,-0.2169176913321277,0.1313724802887825,0.23492497471644488,-0.0017345851843437042,0.1333970720514588,1.15522626954715,0.026504918048552956
0.7,-0.2372643245398369,0.13065636360316768,0.23736256691058513,-0.0032139269843620083,0.1339807329951536,1.2175704147693778,0.026316278137429473
0.71,-0.257610957747547,0.12994447832392536,0.2401534651425793,-0.0050389553567602545,0.13455617381993618,1.2799762905328589,0.026151534379977588
0.72,-0.27795759095525663,0.12923679311580344,0.24331125163457054,-0.007220072758059863,0.13512251756536153,1.3421633082366344,0.0260152649859298
0.73,-0.2983042241629663,0.12853327626605704,0.24684702107147588,-0.009765072832311095,0.13567886258185705,1.4039917502732386,0.02591209742003008
0.74,-0.31865085737067594,0.12783389582641935,0.25077302137533686,-0.012682776544962785,0.1362242739313564,1.465339554402376,0.025846752707241665
0.75,-0.3389974905783856,0.12713861961373515,0.2551026705489947,-0.015983049094499203,0.13675778337225525,1.5261017672017385,0.025824045495500922
0.76,-0.35934412378609604,0.12644741520996086,0.25985055667609086,-0.01967679991244018,0.13727838935941136,1.5861905440670088,0.025848884055717346
0.77,-0.3796907569938053,0.12576024996216467,0.2650324379210658,-0.023775982663340307,0.13778505704414443,1.6455351492118486,0.025926270281773543
0.78,-0.4000373902015158,0.12507709098247685,0.2706652454252287,-0.028293597472965407,0.13827671816750994,1.7040818967855051,0.02606130045954976
0.79,-0.42038402340922587,0.12439790514685466,0.2767679468915888,-0.03324439611706079,0.13875224332240116,1.7617729398518702,0.02625935515676618
0.8,-0.440730656616936,0.12372265910346554,0.2833609137062922,-0.03864449357063576,0.13921047385781313,1.8185472782219423,0.02652583940600248
0.81,-0.4610772898246462,0.12305131918118097,0.2904656550664948,-0.044511043421166734,0.13965021755886367,1.8743520219608296,0.02686623381377355
0.82,-0.4814239230323561,0.12238385136064112,0.2981054601307794,-0.05086269927359778,0.1400702214420163,1.9291316349090488,0.02728629737708059
0.83,-0.5017705562400665,0.12172022127425496,0.3063053980191563,-0.057719614750341264,0.14046917175508025,1.9828279346825286,0.027792067483411204
0.84,-0.5221171894477765,0.12106039420620024,0.31509231781306224,-0.06510344349127668,0.14084569397721045,2.0353800926726047,0.028389859910739227
0.85,-0.5424638226554869,0.1204043350924235,0.3244948485553618,-0.07303733915375227,0.14119835281890755,2.0867246340460253,0.029086268827524936
0.86,-0.5628104558631972,0.11975200852064004,0.33454339925034604,-0.0815459554125832,0.14152565222201788,2.136795437744945,0.029888166792714853
0.87,-0.5831570890709072,0.11910337873033391,0.3452701588637332,-0.09065544596005287,0.14182603535973357,2.1855237364869304,0.030802704755741858
0.88,-0.6035037222786174,0.11845840961275797,0.35670909632266895,-0.10039346450591274,0.14209788463659234,2.232838116764958,0.0318373120565252
0.89,-0.6238503554863274,0.11781706471093385,0.3688959605157255,-0.11078916477738154,0.14233952168847772,2.2786645188474113,0.0329996964254704
0.9,-0.6441969886940377,0.11717930721965193,0.38186828029290304,-0.1218732005191467,0.1425492073826189,2.322926236778088,0.034297843983469405
0.91,-0.6645436219017493,0.11654509998547136,0.3956653644656289,-0.1336777254933635,0.14272514181759077,2.3655439183761944,0.035740019241900504
0.92,-0.6848902551094594,0.11591440550818359,0.41032826724586524,-0.14623635968791218,0.14286546582573756,2.4064356250747005,0.037334760615584474
0.93,-0.7052368883171698,0.11528718604129802,0.4258941952540399,-0.15957862405545833,0.14296849902698633,2.4455256248154984,0.03909022770004798
0.94,-0.72558352152488,0.11466340270488701,0.4424079897341098,-0.17374085106149909,0.14303220713491158,2.482722322403679,0.04101600569126109
0.95,-0.7459301547325905,0.11404301584853001,0.459919826334922,-0.18876407375510718,0.14305428228342695,2.5179246609299857,0.04312281927289134
0.96,-0.766276787940301,0.11342598542622888,0.4784784450453778,-0.20468746267805343,0.14303243691753814,2.5510345056513923,0.04542162563341701
0.97,-0.7866234211480114,0.11281227099640778,0.4981311501944326,-0.2215483258648074,0.14296440379334285,2.5819566439911092,0.04792361446612711
0.98,-0.806970054355722,0.11220183172191321,0.5189238104510971,-0.23938210884253786,0.142847935978031,2.6105987855385813,0.05064020796912156
0.99,-0.8273166875634322,0.11159462637001404,0.5409008588244356,-0.2582223946311111,0.14268080684988446,2.636871562049487,0.05358306084531088
1.0,-0.8476633207711428,0.1109906133124014,0.5641052926635685,-0.27810090374309365,0.14246081009827727,2.6606885274457395,0.05676406030241666
1.01,-0.8680099539788535,0.11038975052518883,0.5885786736576695,-0.29904749418374993,0.14218575972367548,2.681966157815486,0.06019532605297109
1.02,-0.888356587186564,0.10979199558891223,0.614361127835966,-0.32109016145104197,0.14185349003763728,2.7006238514131087,0.063889210314317
1.03,-0.9087032203942741,0.10919730568852976,0.6414913455677412,-0.3442550385356316,0.1414618556628129,2.7165839286592233,0.06785829780860818
1.04,-0.9290498536019849,0.10860563761342193,0.6700065815623344,-0.3685663959208807,0.14100873153294466,2.7297716321406806,0.0721154057628095
1.05,-0.9493964868096935,0.10801694775739172,0.6999426548691322,-0.39404664158284397,0.14049201289286703,2.7401151266105663,0.07667358390869541
1.06,-0.9697431200174048,0.1074311921186642,0.7313339488775901,-0.4207163209902861,0.13990961529850632,2.747545498988199,0.08154611448285355
1.07,-0.9900897532251139,0.10684832629988704,0.7642134113172007,-0.44859411710465674,0.1392594746168813,2.751996758359132,0.08674651222667937
1.08,-1.0104363864328263,0.10626830573827636,0.7986117134673669,-0.4776961387402506,0.13853959606447286,2.753407504754209,0.09228830845445696
1.09,-1.0307830196405368,0.10569108787728711,0.8345411088371278,-0.5080206914693685,0.13774863775597604,2.751752991947419,0.09818320160769915
1.1,-1.051129652848247,0.10511662715796526,0.8720031644669956,-0.5395528386001064,0.1368850107800517,2.7470298412247462,0.10444594974859887
1.11,-1.0714762860559575,0.1045448778322725,0.9109928624526198,-0.5722706579303425,0.13594728031090325,2.7392478841163856,0.11109134584346562
1.12,-1.091822919263668,0.10397579513955393,0.9514963430957141,-0.6061437242408766,0.13493438722721413,2.7284346374221506,0.1181330630514864
1.13,-1.112169552471378,0.10340933530653808,0.9934909049040537,-0.6411331092954304,0.1338456481121477,2.7146353032114754,0.1255836547247256
1.14,-1.1325161856790882,0.1028454555473368,1.0369450045914803,-0.6771913818406495,0.13268075525334722,2.6979127688234117,0.13345455440812554
1.15,-1.1528628188867986,0.10228411406344544,1.0818182570778976,-0.7142626076061004,0.13143977664293593,2.6783476068666316,0.14175607583950597
1.16,-1.1732094520945087,0.10172527004374271,1.12806143548927,-0.75228234930427,0.13012315597751722,2.6560380752194273,0.15049741294956354
1.17,-1.1935560853022187,0.10116888366449074,1.1756164711576291,-0.7911776666305699,0.1287317126581742,2.631100117029708,0.15968663986187312
1.18,-1.2139027185099294,0.10061491608933501,1.2244164536210704,-0.8308671162633341,0.12726664179047004,2.6036673607150034,0.16933071089288737
1.19,-1.2342493517176392,0.1000633294693045,1.2743856306237467,-0.8712607518638146,0.12572951418444797,2.5738911199624646,0.1794354605519352
1.2,-1.2545959849253483,0.09951408694281154,1.3254394081158787,-0.9122601240761883,0.12412227635463109,2.541940393728859,0.19000560354122387
1.21,-1.274942618133059,0.09896715263565178,1.3774843502537557,-0.9537582805275587,0.12244725052002234,2.5080018662405723,0.20104473475583948
1.22,-1.2952892513407679,0.09842249166100447,1.4304181793997162,-0.9956397658279404,0.12070713460410498,2.472279906993615,0.2125553292837424
1.23,-1.3156358845484792,0.09788007111906355,1.4841224544564071,-1.0377722664802083,0.11890452093778588,2.4350111780001966,0.22454145078620993
1.24,-1.3359825177561893,0.09733986385663436,1.538451553660475,-1.0799953228321273,0.11704151886630557,2.3964866312377797,0.2370111185704525
1.25,-1.356329150963899,0.09680184252707988,1.5932932017484822,-1.122189134228118,0.11512318165455768,2.3569307372779447,0.249956104909397
1.26,-1.3766757841716086,0.09626598169619172,1.648541475920025,-1.1642416346258746,0.11315479020589249,2.3165553026528767,0.2633661509541773
1.27,-1.3970224173793182,0.09573225826195161,1.7040929084403913,-1.206043940445611,0.11114155629756291,2.275567243727583,0.27723059462913624
1.28,-1.4173690505870278,0.0952006514545314,1.7598464866405594,-1.2474903505700607,0.10908862258072441,2.234168586699895,0.29153837063182525
1.29,-1.4377156837947374,0.094671142836293,1.8157036529171997,-1.2884783463444778,0.10700106258043499,2.192556467600463,0.3062780104330048
1.3,-1.4580623170024465,0.0941437163017885,1.8715683047326712,-1.3289085915766339,0.10488388069565535,2.150923132292763,0.3214376422766435
1.31,-1.478408950210156,0.09361835807776,1.9273467946150271,-1.3686849325368238,0.10274201219924868,2.109455936473091,0.33700499117991967
1.32,-1.4987555834178647,0.09309505672313981,1.982947930158007,-1.4077143979578575,0.10058032323798088,2.0683373456705683,0.35296737893321894
1.33,-1.5191022166255739,0.09257380312905024,2.038282974021048,-1.4459071990350703,0.09840361083252024,2.0277449352471324,0.3693117241001377
1.34,-1.539448849833282,0.09205459051880381,2.0932656439292696,-1.4831767294263107,0.09621660287743788,1.9878513903975512,0.38602454201747854
1.35,-1.5597954830409904,0.09153741444790305,2.1478121126734915,-1.5194395652519537,0.09402395814120725,1.9488245061494074,0.4030919447952557
1.36,-1.5801421162486988,0.09102227280404064,2.201841008110219,-1.5546154650948905,0.09183026626620452,1.910827187363109,0.4204996413166903
1.37,-1.600488749456407,0.09050916580709938,2.2552734131616483,-1.5886273700005318,0.0896400477687085,1.8740174487318877,0.43823293723821266
1.38,-1.6208353826641142,0.08999809600915216,2.3080328658156657,-1.6214014034768065,0.0874577540389006,1.838548414781798,0.45627673498946064
1.39,-1.6411820158718238,0.08948906809888423,2.360048518519302,-1.652870229036339,0.08528779369437278,1.804562009924747,0.47461518277840586
1.4,-1.6615286490795314,0.08898208098957694,2.411386755010326,-1.6831127395348473,0.08313535678290321,1.7719260832639399,0.49321776465048034
1.41,-1.6818752822872387,0.08847713861146922,2.462073057511718,-1.712164172791591,0.08100434752215775,1.7405901443581144,0.5120608091313107
1.42,-1.7022219154949458,0.08797424946869711,2.5120751195288324,-1.7399982571377934,0.078897784115669,1.710619094932467,0.5311282449444408
1.43,-1.722568548702653,0.08747342226445583,2.561370090998903,-1.7665987287531661,0.0768184834695077,1.682058929634285,0.5504038377735493
1.44,-1.7429151819103594,0.08697466590099973,2.6099445782910404,-1.791959331665908,0.07476906119228274,1.6549367360329457,0.5698711902624498
1.45,-1.763261815118066,0.08647798947964233,2.657794644206236,-1.8160838177527048,0.07275193159514105,1.6292606946199177,0.5895137420150912
1.46,-1.783608448325772,0.08598340230075631,2.7049258079773595,-1.838985946738731,0.07076930769176777,1.6050200788087599,0.6093147695955574
1.47,-1.8039550815334773,0.0854909138637735,2.7513530452691577,-1.8606894861976475,0.06882320119838617,1.582185254935122,0.6292573865280666
1.48,-1.8243017147411829,0.08500053386718485,2.79710078817826,-1.8812282115516035,0.06691542253375754,1.560707682256744,0.6493245432969735
1.49,-1.844648347948887,0.08451227220854055,2.8422029252331686,-1.9006459060712348,0.0650475808191815,1.540519912953458,0.6694990273467657
1.5,-1.8649949811565925,0.0840261389844498,2.8867028013942737,-1.9189963608756668,0.06322108387849543,1.5215355921271836,0.689763463082069
1.51,-1.885341614364296,0.08354214449058116,2.9306532180538314,-1.9363433749325087,0.06143713823807537,1.503649457801935,0.7101003118676397
1.52,-1.905688247572,0.08306029922166214,2.9741164330359893,-1.9527607550578612,0.05969674912683496,1.486737340923814,0.7304918720283736
1.53,-1.9260348807797056,0.08258061383823548,3.0171684120404736,-1.968336756372426,0.05800073547614965,1.470647668307784,0.7509199770665927
1.54,-1.9463815139874094,0.08210309854672515,3.0599436752452362,-1.9832202404432868,0.05634978267236068,1.4551117740273067,0.7713638076553376
1.55,-1.966728147195113,0.08162776410290017,3.1024127238438934,-1.9973871608599034,0.054743573790374124,1.4401886570924847,0.7918170359947878
1.56,-1.9870747804028166,0.08115462102200534,3.1445038582475884,-2.010769257934297,0.05318154495774008,1.4260216385577336,0.8122768177135452
1.57,-2.0074214136105195,0.08068367916788295,3.1861638476129484,-2.023317680965449,0.05166314789383962,1.4127171274434949,0.8327390918920363
1.58,-2.027768046818222,0.08021494775297285,3.227357929842083,-2.035002988239304,0.05018784990988483,1.4003446207362364,0.8531985810625127
1.59,-2.0481146800259245,0.07974843533831237,3.2680698115825866,-2.0458151470287675,0.04875513390891877,1.3889367033884528,0.8736487912090504
1.6,-2.0684613132336267,0.0792841498335364,3.308301668227537,-2.0557635335937063,0.04736449838581551,1.3784890483186636,0.8940820117675501
1.61,-2.0888079464413276,0.07882209849687737,3.348074143915494,-2.06487693318095,0.04601545742728013,1.3689604164114155,0.914489315625737
1.62,-2.1091545796490285,0.07836228793516516,3.3874263515305048,-2.0732035400242874,0.04470754071184864,1.3602726565172818,0.9348605591231621
1.63,-2.1295012128567286,0.07790472410382725,3.4264158727020955,-2.080810957344472,0.0434402935098881,1.3523107054528614,0.9551843820512
1.64,-2.1498478460644286,0.07744941230688861,3.465118757805279,-2.087786197349217,0.042213276683596535,1.3449225880007791,0.9754482076530507
1.65,-2.170194479272128,0.07699635719697175,3.503629525960551,-2.0942356812331977,0.04102606668700298,1.3379194169096866,0.9956382426237387
1.66,-2.190541112479828,0.0765455627752967,3.542061165033891,-2.1002852391780507,0.03987825556596744,1.3310753928942618,1.0157394771101131
1.67,-2.210887745687528,0.07609703239168097,3.5805451316367622,-2.1060801103523743,0.0387694509581809,1.3241278046352087,1.0357356847108488
1.68,-2.2312343788952282,0.07565076933934974,3.619159228830739,-2.111708663247455,0.037698932208924354,1.3169211131652996,1.055615836953755
1.69,-2.251581012102928,0.0752067784542517,3.6576835522581437,-2.1169445079913176,0.03666461076179258,1.309894557030143,1.075395256670084
1.7,-2.271927645310627,0.07476506219354707,3.6960654075668558,-2.1217382866426497,0.035665318866623094,1.303153364343653,1.0950740091162778
1.71,-2.2922742785183257,0.07432562225703879,3.7342873115938686,-2.126077781844866,0.034700054963443375,1.2967324106861908,1.114649245558592
1.72,-2.3126209117260244,0.07388845984306369,3.772339277333254,-2.1299585893120434,0.0337678444475833,1.2906515851347669,1.13411770125672
1.73,-2.332967544933722,0.07345357564849268,3.8102188139361592,-2.133384117828921,0.03286773966967518,1.2849157902630401,1.1534756954637937
1.74,-2.3533141781414204,0.07302096986873058,3.8479309267108097,-2.1363655892509,0.031998819935653726,1.2795149421413183,1.1727191314263827
1.75,-2.3736608113491178,0.07259064219771622,3.8854881171225046,-2.138922038504045,0.031160191506756075,1.2744239703365585,1.1918434963844944
1.76,-2.394007444556815,0.07216259182792238,3.922910382793623,-2.141080313585082,0.030350987599521758,1.269602817912366,1.2108438615715746
1.77,-2.4143540777645116,0.07173681745035586,3.960225217503617,-2.1428750755614003,0.02957036838579275,1.264996441428995,1.2297148822145068
1.78,-2.434700710972208,0.07131331725455742,3.997467611189018,-2.1443487985710514,0.02881752099271343,1.2605348109433487,1.2484507975336125
1.79,-2.4550473441799046,0.07089208892860177,4.034680049943433,-2.1455517698227484,0.028091659502730557,1.2561329100089793,1.267045430742652
1.8,-2.475393977387601,0.07047312971077806,4.071910153516964,-2.1465395735678445,0.027392012258676057,1.2516954555059874,1.285492423672547
1.81,-2.495740610595297,0.07005643696297469,4.109154590242831,-2.147313806387474,0.026717627633663272,1.247228987148383,1.3037900271938991
1.82,-2.5160872438029926,0.069642007242818,4.146372875877125,-2.147837251171387,0.026067568417136536,1.2428143463122825,1.3219388707264736
1.83,-2.5364338770106882,0.06922983661251339,4.183533462568022,-2.148082122156292,0.025440963117671734,1.2385145207022765,1.339938829855977
1.84,-2.5567805102183834,0.06881992083469025,4.220612381971079,-2.148028510848241,0.02483697283046446,1.2343773449136635,1.3577893502509653
1.85,-2.5771271434260785,0.06841225537240184,4.257593245249234,-2.1476643860226265,0.024254791237329994,1.2304355004324485,1.3754894476628454
1.86,-2.597473776633773,0.06800683538912534,4.294467243072811,-2.1469855937241826,0.023693644606703323,1.2267065156353447,1.3930377079258747
1.87,-2.617820409841467,0.06760365574876193,4.33123314561951,-2.1459958572669846,0.02315279179363914,1.2231927657897717,1.4104322869571595
1.88,-2.6381670430491604,0.06720271101563662,4.367897302574419,-2.144706777234449,0.022631524239811834,1.2198814730538567,1.4276709107566572
1.89,-2.6585136762568538,0.0668039954544984,4.404473643130004,-2.1431378314793337,0.022129165973515472,1.2167447064764338,1.4447508754071758
1.9,-2.6788603094645467,0.06640750303052019,4.440983675986114,-2.1413163751237376,0.02164507360966385,1.213739381997045,1.4616690470743723
1.91,-2.69920694267224,0.0660132274092988,4.477456489349984,-2.139277640559102,0.021178636349790426,1.210807262445939,1.478421862006755
1.92,-2.719553575879933,0.06562116195685502,4.5139287509362225,-2.1370647374462086,0.02072927598204842,1.2078749575440717,1.4950053265356813
1.93,-2.739900209087626,0.06523129973963353,4.550444707966827,-2.134728652715181,0.020296446881210687,1.2048539239031062,1.5114150170753595
1.94,-2.7602468422953184,0.06484363358981356,4.587045922660043,-2.132317446882701,0.019879610371939048,1.2016609847527997,1.527646871390734
1.95,-2.7805934755030104,0.06445815649972679,4.623681923571334,-2.1297824282951114,0.019478049751378554,1.198396961617664,1.5437037117539814
1.96,-2.800940108710702,0.0640748609588554,4.660307622043341,-2.127080825876543,0.019091136739164825,1.1951519394868966,1.559587491749134
1.97,-2.8212867419183936,0.06369373922413792,4.6968945740570325,-2.124187298337996,0.018718297455289086,1.1919827290247442,1.57529900022793
1.98,-2.841633375126085,0.06331478340855874,4.733421457606135,-2.1210838807708714,0.018358983164913148,1.1889319010402344,1.5908386465175486
1.99,-2.861980008333776,0.06293798548114798,4.769874072697138,-2.1177599846469723,0.018012670278369433,1.186027786487174,1.6062064604206099
2.0,-2.8823266415414666,0.06256333726698152,4.8062453413492925,-2.114212397818503,0.017678860351160945,1.183284476464151,1.621402092215176
2.01,-2.902673274749156,0.06219083044718102,4.842535307594611,-2.110445284518069,0.017357080083961314,1.1807018222145327,1.636424812654748
2.02,-2.9230199079568466,0.06182045655891388,4.878751137477871,-2.106470185358678,0.01704688132261472,1.178265435126467,1.651273512968272
2.03,-2.9433665411645356,0.06145220699539333,4.914907119056608,-2.1023060173337393,0.016747841058135992,1.1759466867328818,1.6659467048601309
2.04,-2.9637131743722254,0.0610860730058783,4.951024662401123,-2.097979073817063,0.01645956142671051,1.1737027087114857,1.680442520510152
2.05,-2.9840598075799143,0.06072204569567354,4.9871322995944745,-2.093523024562861,0.016181669709694303,1.1714763928847667,1.694758712573602
2.06,-3.004406440787602,0.060360116026129555,5.023265684732486,-2.0889789157057477,0.01591381833361396,1.1691963912199934,1.7088926541811886
2.07,-3.0247530739952917,0.06000027481464255,5.059467593923747,-2.0843951697607364,0.015655684870166647,1.1667771158292146,1.7228413389390638
2.08,-3.0450997072029806,0.05964251290637385,5.095756088473963,-2.0797941457322815,0.015406903758981313,1.1641823924998356,1.736603705754772
2.09,-3.065446340410668,0.05928682113225349,5.132080277432572,-2.075126238298749,0.015167040753968576,1.1615139343882213,1.750182962004571
2.1,-3.0857929736183567,0.05893319009923629,5.168395790633638,-2.07034887658438,0.014935717381764508,1.1588604302468368,1.7635815083062436
2.11,-3.106139606826044,0.05858161036106903,5.204667712492805,-2.0654292759830137,0.014712575358451373,1.1562916629418842,1.7768012524557735
2.12,-3.1264862400337314,0.05823207241859705,5.240870552659512,-2.0603444070593744,0.014497276492292526,1.1538585681173716,1.7898436120085761
2.13,-3.1468328732414177,0.05788456671976441,5.276988246016975,-2.055080995549074,0.014289502683732509,1.151593234195112,1.8027095142794918
2.14,-3.167179506449105,0.057539083659613736,5.313014152682207,-2.0496355223586087,0.014088955925396952,1.149508902374724,1.8153993963427926
2.15,-3.1875261396567907,0.05719561358028638,5.348951058005996,-2.044014223565361,0.01389535830209267,1.147599966633632,1.8279132050321756
2.16,-3.2078727728644765,0.05685414677102226,5.384811172572925,-2.0382330904175987,0.013708451990807578,1.1458419737270653,1.8402503969407689
2.17,-3.228219406072162,0.05651467346815999,5.420616132201358,-2.032317869334476,0.013527999260710749,1.1441916231880591,1.8524099384211277
2.18,-3.2485660392798477,0.05617718385513679,5.45639699794345,-2.0263040619060324,0.013353782473152378,1.1425867673274541,1.864390305585236
2.19,-3.2689126724875317,0.05584166806248858,5.492194256085136,-2.0202369248931937,0.01318560408166383,1.1409464112338958,1.8761894843045048
2.2,-3.2892593056952157,0.05550811616784986,5.528057818146141,-2.0141714702277707,0.01302328663195757,1.139170712773836,1.8878049702097754
2.21,-3.3096059389029016,0.05517651819793396,5.564046583254928,-2.008172003915948,0.012866671807701839,1.1371418575897572,1.899233802713737
2.22,-3.329952572110586,0.05484686428814485,5.600165135296681,-2.0022459411325544,0.012715525676696903,1.1348506439564472,1.9104766819830146
2.23,-3.35029920531827,0.0545191445771089,5.636334987555051,-1.996314529708515,0.01256956066397612,1.1324540077673813,1.9215386021406238
2.24,-3.370645838525954,0.05419334913029179,5.672490430566189,-1.9903124928376648,0.012428528914997473,1.130083340819869,1.932423507266614
2.25,-3.3909924717336373,0.05386946800695961,5.708581018176133,-1.984190343202706,0.012292201732917094,1.1278395108254453,1.9431345764309793
2.26,-3.41133910494132,0.053547491260178694,5.744571567540819,-1.9779143829752046,0.0121603695785892,1.125792861409869,1.953674223693663
2.27,-3.431685738149003,0.05322740893681575,5.780442159126074,-1.9714667038155926,0.012032842070566116,1.1239832121131226,1.9640440981045544
2.28,-3.4520323713566845,0.05290921107753783,5.816188136707613,-1.964845186873168,0.011909447985098298,1.122419858389414,1.9742450837034893
2.29,-3.472379004564367,0.05259288771681227,5.851820107371049,-1.958063502786093,0.011790035256134285,1.1210815716071747,1.984277299520252
2.3,-3.4927256377720477,0.05227842888290679,5.887363941511882,-1.9511511116813973,0.01167447097532075,1.1199165990490607,1.994140099574572
2.31,-3.5130722709797304,0.05196582459788936,5.922860772835512,-1.9441532631749732,0.011562641392002452,1.1188426639119522,2.0038320728761283
2.32,-3.53341890418741,0.0516550648776284,5.958366998357219,-1.9371309963715817,0.011454451913222287,1.1177469653069538,2.013351043424543
2.33,-3.5537655373950923,0.0513461397317925,5.9939542784021915,-1.930161139864846,0.011349827103721224,1.1164861782593947,2.0226940702093907
2.34,-3.5741121706027705,0.051039039163850775,6.02970953660549,-1.9233363117372586,0.011248710685938393,1.1148864537088272,2.0318574472101862
2.35,-3.594458803810453,0.05073375323244511,6.065692073659065,-1.9167201980860267,0.011151014475659232,1.1128291829878298,2.0408392999697473
2.36,-3.614805437018133,0.05043027214382552,6.1017946944305725,-1.91020364165083,0.011056507787368025,1.110528734106381,2.04964660204165
2.37,-3.635152070225813,0.050128586060710634,6.137904958208662,-1.9036725786635997,0.010964994882161126,1.1082099772429097,2.0582857394092757
2.38,-3.655498703433492,0.04982868515739322,6.173937359308543,-1.8970408013728337,0.010876304278420287,1.106043914875875,2.06676178508296
2.39,-3.675845336641172,0.04953055962273435,6.209832283338099,-1.8902488575380516,0.010790286767263084,1.1041497688334874,2.0750785809189467
2.4,-3.6961919698488503,0.04923419966016351,6.2455560071978775,-1.8832640504297982,0.010706815412542954,1.1025949802937085,2.0832387376193853
2.41,-3.716538603056529,0.04893959548767848,6.281100699081099,-1.8760804388296408,0.010625785550849155,1.1013952097842512,2.0912436347323355
2.42,-3.7368852362642064,0.04864673733784544,6.316484418473647,-1.8687188370301722,0.010547114791506806,1.10051433718258,2.0990934206517617
2.43,-3.7572318694718843,0.04835561545779889,6.35175111615408,-1.8612268148350073,0.010470743016576847,1.0998644617159106,2.1067870126175383
2.44,-3.7775785026795603,0.04806622010924171,6.386970634193619,-1.8536786975587864,0.010396632380856079,1.0993059019612095,2.1143220967154446
2.45,-3.7979251358872363,0.04777854156844512,6.422238705956159,-1.8461755660271726,0.010324767311877127,1.0986471958451947,2.1216951278771696
2.46,-3.8182717690949137,0.04749257012624868,6.457676956098263,-1.8388452565768525,0.010255154509908462,1.0976451006443366,2.128901329880309
2.47,-3.838618402302591,0.04720829609124562,6.493429398700424,-1.8318387173497168,0.010187819489320233,1.0960115963571997,2.135934894432358
2.48,-3.858965035510267,0.04692570992697556,6.52946337768719,-1.825123516466503,0.010122639774043173,1.0938119908734383,2.142799344161091
2.49,-3.879311668717944,0.046644802174972196,6.565581735144215,-1.8184975088142992,0.010059403861518882,1.0914405952624244,2.1495053189236257
2.5,-3.8996583019256197,0.04636556336830934,6.601640172992632,-1.811813482229022,0.009997953279915163,1.089186006597414,2.1560605170057596
2.51,-3.920004935133295,0.04608798406233511,6.63753584033741,-1.8049669978781513,0.009938157779263981,1.0872539289953485,2.162470774685591
2.52,-3.9403515683409704,0.04581205483467193,6.67320733346734,-1.7978963902607328,0.009879915331461469,1.0857671736168562,2.16874006623352
2.53,-3.9606982015486447,0.04553776628521661,6.708634695855035,-1.790582767207378,0.009823152130267935,1.084765658666252,2.1748705039122447
2.54,-3.981044834756319,0.045265109036140214,6.743839418156944,-1.7830500098802624,0.009767822591307845,1.084206409391537,2.1808623379767655
2.55,-4.001391467963991,0.044994073731888184,6.778884438213334,-1.7753647727731277,0.009713909352069847,1.0839635580843983,2.1867139566743816
2.56,-4.021738101171665,0.04472465103918024,6.813874141048307,-1.767636483711279,0.009661423271906742,1.0838283440802108,2.192421886244695
2.57,-4.042084734379338,0.04445683164701047,6.848954358869784,-1.7600173438515883,0.009610403432035513,1.0835091137580344,2.1979807909196056
2.58,-4.062431367587011,0.044190606266647246,6.884312371069517,-1.7527023276824916,0.009560917135537302,1.0826313205406157,2.2033834729233157
2.59,-4.082778000794684,0.04392596565583241,6.9201288044834355,-1.7458793795605907,0.00951302478401336,1.0808337225184235,2.208623233621826
2.6,-4.1031246340023575,0.043662900777110915,6.9561982261099295,-1.7393372608987911,0.009466530087036644,1.0785271867266224,2.2137114633628694
2.61,-4.1234712672100295,0.043401402608832074,6.992283375636544,-1.732832609804915,0.009421249241491193,1.0761862393813608,2.2186598350089652
2.62,-4.1438179004177025,0.04314146214035829,7.0282253039031515,-1.7262029456762606,0.009377050235953352,1.0741287866002314,2.223476442261328
2.63,-4.164164533625374,0.04288307038607796,7.0639225033342905,-1.7193449874432911,0.009333834723840409,1.0725578522702373,2.2281669330344234
2.64,-4.184511166833045,0.04262621838540527,7.099330907939175,-1.7122146535696312,0.00929153802341056,1.0715615780477927,2.2327345094559714
2.65,-4.204857800040715,0.04237089720278038,7.134463893311684,-1.7048270620520696,0.009250129117762945,1.0711132233587222,2.2371799278669435
2.66,-4.225204433248385,0.0421170979276693,7.169392276630374,-1.6972565304205574,0.009209610654837615,1.0710711653982607,2.2415014988215636
2.67,-4.245551066456055,0.04186481167456396,7.204244316658463,-1.6896365757382095,0.00917001894741556,1.0711788991310538,2.245695087087309
2.68,-4.265897699663725,0.04161402958298216,7.239205713743851,-1.682159914601303,0.009131423973118679,1.071065037291158,2.249754111644909
2.69,-4.286244332871393,0.04136474281746763,7.2745196098190945,-1.6750784631392799,0.009093929374409818,1.0702433103820395,2.2536695456883455
2.7,-4.306590966079064,0.04111694261490185,7.310352816311407,-1.6685651938260664,0.009057590171373593,1.0683801085362905,2.2574359302435134
2.71,-4.326937599286733,0.04087062041000311,7.346373716988414,-1.6622789030014289,0.00902217588221908,1.066138670950417,2.261069379090721
2.72,-4.3472842324944025,0.04062576762717383,7.3823485005555245,-1.6559798785709756,0.008987535252504888,1.0639866307570063,2.264580846016053
2.73,-4.36763086570207,0.040382375712171584,7.418124791187766,-1.649512298243029,0.00895356177357532,1.0622287510166553,2.267977890906886
2.74,-4.387977498909739,0.04014043613765978,7.45361803692046,-1.6427901531288374,0.008920184611306418,1.0610341476247938,2.271265321222409
2.75,-4.408324132117406,0.039899940403207684,7.488811509649216,-1.6357972477425777,0.008887368606105974,1.0604362893116839,2.2744451919936197
2.76,-4.428670765325072,0.03966088003529041,7.523756305129936,-1.628587200001355,0.008855114272913528,1.0603329976424198,2.2775168058233253
2.77,-4.44901739853274,0.0394232465872889,7.558571342978813,-1.6212834412251997,0.008823457801200363,1.0604864470169293,2.280476712886145
2.78,-4.469364031740404,0.039187031639490014,7.593443366672322,-1.6140792161370738,0.008792471054969523,1.0605231646699707,2.283318710928507
2.79,-4.4897106649480705,0.03895222679908636,7.62862694354724,-1.607237582862862,0.008762261572755784,1.0599340306711373,2.2860338452686513
2.8,-4.510057298155738,0.038718823730642817,7.664335221776961,-1.6009787877833388,0.008732912363508455,1.0582927629912682,2.288615040189307
2.81,-4.530403931363405,0.03848681427986401,7.700242617518327,-1.5949680545319336,0.008704223651851667,1.056250539861403,2.2910774524276616
2.82,-4.55075056457107,0.03825619029922307,7.736103495070406,-1.5889534836515833,0.008676055645796238,1.0542986451006233,2.293432147171675
2.83,-4.571097197778736,0.03802694366220141,7.771768235210887,-1.5827819962852152,0.008648317462310132,1.0527363301510582,2.2956863288821734
2.84,-4.5914438309864005,0.03779906627098681,7.807158694411051,-1.5763740051878317,0.008620952695301658,1.0517198953626392,2.2978444233740065
2.85,-4.611790464194065,0.037572550056473294,7.842268204835773,-1.569723414726509,0.008593939415619452,1.0512626899931001,2.2999080778160517
2.86,-4.632137097401728,0.037347386978261274,7.877161574343515,-1.5628976208803984,0.008567290171052492,1.0512351122079768,2.3018761607312097
2.87,-4.652483730609391,0.03712356902465743,7.911975086486336,-1.5560375112407254,0.008541051986330086,1.0513646090806081,2.3037447619964087
2.88,-4.672830363817053,0.036901088212674786,7.946916500509883,-1.5493574650107902,0.008515306363121884,1.051235676592135,2.3055071928426014
2.89,-4.693176997024717,0.036679936588251964,7.982264133738898,-1.5431444078605945,0.008490168805838109,1.0502916948554972,2.307154023452042
2.9,-4.71352363023238,0.03646010630715623,8.01800319624409,-1.5373834740475363,0.008465607987338919,1.0485622571212305,2.308687636094221
2.91,-4.733870263440044,0.03624158962742786,8.053796083475858,-1.5317279808876474,0.008441447348490914,1.0467225851099542,2.3101226080413726
2.92,-4.754216896647706,0.03602437881147647,8.08946435991266,-1.5259951767441116,0.008417593249136773,1.0451295633649438,2.3114669789680558
2.93,-4.774563529855368,0.03580846615164923,8.124901552860374,-1.5200762299075072,0.00839398426504202,1.0439961509159832,2.3127260987799794
2.94,-4.794910163063029,0.03559384397023088,8.160073152452298,-1.5139362285958102,0.008370591187895033,1.0433913812793638,2.313902627614002
2.95,-4.81525679627069,0.035380504619443684,8.195016611649143,-1.5076141809543906,0.008347417025307034,1.0432403624578854,2.314996535838132
2.96,-4.83560342947835,0.03516844048144749,8.229841346239036,-1.5012230150560162,0.0083244970008121,1.0433242769408553,2.3160051040515284
2.97,-4.85595006268601,0.03495764396833966,8.264728734837524,-1.4949495789008491,0.008301898553867157,1.0432803817040892,2.3169229230844994
2.98,-4.87629669589367,0.03474810752215516,8.299932118887567,-1.4890546404164486,0.008279721339851978,1.0426020082099108,2.317741893998505
2.99,-4.89664332910133,0.03453982365729568,8.335551857175448,-1.483641577945912,0.008257992889853181,1.0410884527705393,2.318459881552354
3.0,-4.91698996230899,0.03433278500316589,8.371257501859233,-1.4783711384181066,0.008236552179493008,1.039400624098494,2.3190907612512297
3.01,-4.937336595516649,0.03412698419936895,8.406862446370813,-1.4730521513292893,0.008215310615234313,1.037911748871093,2.31964259207299
3.02,-4.957683228724308,0.03392241391539732,8.442255107765677,-1.4675704476952616,0.008194211137187988,1.0368450065823591,2.320120722924402
3.03,-4.978029861931966,0.033719066851047204,8.477396900874052,-1.4618867753810625,0.008173227236790521,1.036277581234025,2.3205278727596657
3.04,-4.998376495139624,0.033516935736418584,8.512322238300925,-1.4560367991009657,0.008152362956803981,1.0361406613355302,2.3208641305804205
3.05,-5.018723128347281,0.03331601333191523,8.547138530426023,-1.4501311004184827,0.008131652891316043,1.0362194399040223,2.3211269554357408
3.06,-5.039069761554939,0.03311629242824463,8.582026185403828,-1.4443551777463595,0.008111162185739955,1.0361531144643579,2.321311176422139
3.07,-5.059416394762595,0.03291776584641944,8.61723860146279,-1.4389694384309246,0.0080909865333434,1.0354349024506364,2.321408992975388
3.08,-5.079763027970253,0.03272042648295197,8.652819202235163,-1.4340185272299102,0.008071129758047727,1.0339779700919143,2.321420425196278
3.09,-5.1001096611779095,0.03252426732477889,8.688454789210338,-1.4291811205018843,0.008051452146180664,1.0324087274801437,2.3213581011166946
3.1,-5.120456294385566,0.03232928137488208,8.723969050934882,-1.4242766047317554,0.008031876454816943,1.0310798108180248,2.3212294245913405
3.11,-5.140802927593222,0.03213546166614584,8.759262103631977,-1.4192027406007084,0.00801235549661069,1.0301910009675634,2.3210391402844786
3.12,-5.161149560800877,0.03194280126135681,8.794310491201442,-1.4139356629862023,0.007992872139795408,1.0297892234500727,2.320789333669928
3.13,-5.181496194008531,0.03175129325320406,8.829167185219706,-1.408529880961973,0.007973439308183982,1.0297685484461712,2.320479431031068
3.14,-5.201842827216185,0.031560930764279016,8.863961584939837,-1.403118277798031,0.007954099981168685,1.0298701907957841,2.3201061994608327
3.15,-5.22218946042384,0.03137170694707548,8.898899517291515,-1.397912110960663,0.00793492719372117,1.0296825099981433,2.3196637468617176
3.16,-5.242536093631495,0.03118361498798131,8.934235296625681,-1.3931723271402268,0.007916012427478343,1.0286968906908047,2.3191445301241287
3.17,-5.262882726839148,0.03099664816753591,8.969818197696938,-1.3887442179723255,0.007897284310327284,1.0272147962516969,2.3185553301907342
3.18,-5.2832293600468025,0.030810799815211797,9.005377570815678,-1.3843503692591383,0.007878633184096564,1.0257775388854138,2.3179066277957583
3.19,-5.303575993254456,0.030626063283331013,9.040761596937159,-1.3798352647104721,0.007859996663794614,1.02468876955569,2.3172047302631613
3.2,-5.3239226264621085,0.030442431953209673,9.075900980704128,-1.3751279516907975,0.007841342978600924,1.0240870918405782,2.3164531673289432
3.21,-5.344269259669761,0.03025989923515801,9.110808950446822,-1.370242041219251,0.007822670971866038,1.0239460619324499,2.315652691141144
3.22,-5.364615892877413,0.030078458568480317,9.145581258182977,-1.3652757079696336,0.007804010101111559,1.0240741886379952,2.3148012762598436
3.23,-5.384962526085063,0.029898103421475024,9.180396179617809,-1.3604116902704113,0.007785420438030148,1.024114933378223,2.313894119657163
3.24,-5.405309159292715,0.029718827291434612,9.21551451414403,-1.3559172901047152,0.007766992668485522,1.0235467101884603,2.3129236407172624
3.25,-5.425655792500367,0.029540623736008725,9.251016086076458,-1.3518741601446373,0.007748746974844156,1.0222098830614437,2.3118885433988074
3.26,-5.446002425708016,0.02936348639382432,9.286574490733248,-1.3479477043936614,0.007730556739797458,1.0207572736995218,2.310800998659464
3.27,-5.466349058915668,0.029187408922998825,9.32199636301889,-1.3439398566535163,0.007712349438072554,1.0195756246853942,2.3096684308927267
3.28,-5.486695692123318,0.029012385009476116,9.357179093401381,-1.3397454875115609,0.0076940844144658075,1.0188701674522997,2.308495304294301
3.29,-5.507042325330968,0.02883840836704187,9.392110708369168,-1.3353522816716288,0.007675752835900565,1.0186648613700635,2.307283127088085
3.3,-5.527388958538616,0.0286654727373236,9.42686987043114,-1.3308407379540308,0.007657377691427169,1.0188023937450956,2.3060304515261714
3.31,-5.547735591746265,0.02849357188979063,9.461625878116628,-1.3263841692955523,0.007639013792222946,1.0189441798203913,2.304732873888846
3.32,-5.568082224953912,0.028322699621754124,9.4966386659754,-1.3222487027494558,0.007620747771592216,1.0185703627755314,2.303383034484589
3.33,-5.588428858161563,0.02815284977722947,9.532078269117724,-1.3186082750747665,0.007602632318517113,1.0173408845509075,2.3019766376950064
3.34,-5.608775491369211,0.027984016284632117,9.567616626382106,-1.315126680771287,0.0075845463653713575,1.0159118793407753,2.3005255649107084
3.35,-5.62912212457686,0.027816193094533922,9.603030660044693,-1.3115754685417804,0.0075664118533966575,1.014729514478737,2.2990379257095674
3.36,-5.649468757784506,0.027649374183575055,9.638202044684581,-1.307833400770559,0.007548185879737176,1.0140304526672888,2.2975184998083504
3.37,-5.669815390992153,0.02748355355503908,9.67311219179642,-1.3038813101268991,0.0075298587718600676,1.013851882749507,2.295968909818213
3.38,-5.690162024199799,0.027318725238853016,9.707842249790392,-1.2998020995650426,0.007511454087555486,1.0140315197090501,2.2943876212446948
3.39,-5.710508657407446,0.027154883291587262,9.742573103992225,-1.2957807423241952,0.007493028614936581,1.014207604670157,2.292769942487723
3.4,-5.73085529061509,0.026992021796455695,9.777585376643179,-1.2921042819285293,0.0074746723724395,1.013818904897646,2.2911080248416114
3.41,-5.751201923822737,0.026830134884821912,9.813023503768363,-1.28892024707726,0.007456427339718392,1.0125765599637997,2.289398474368244
3.42,-5.771548557030383,0.026669216764669153,9.848532893657957,-1.2858654521224924,0.007438171318087924,1.0111897646697037,2.287653560787048
3.43,-5.791895190238028,0.026509261664212677,9.883892675531024,-1.2827137687499863,0.007419831703905499,1.0101002719615595,2.285881035202051
3.44,-5.812241823445673,0.026350263836988175,9.918992806309594,-1.279352427413198,0.007401371094534442,1.009528179349495,2.2840852336102415
3.45,-5.832588456653316,0.026192217562042024,9.953832147281874,-1.2757800466084022,0.007382786594597585,1.0094757755802661,2.2822671407082553
3.46,-5.852935089860959,0.02603511714393134,9.988518464102235,-1.2721066328746915,0.007364109815977272,1.0097275406372574,2.280424389892374
3.47,-5.873281723068603,0.025878956912723922,10.023268426791228,-1.2685535807939772,0.0073454068778153496,1.0098501457404823,2.278551263258527
3.48,-5.893628356276246,0.025723731224646707,10.058399888581356,-1.2654457691452201,0.007326775816789313,1.0092078956522597,2.2766389369706093
3.49,-5.91397498948389,0.025569434498654314,10.09386858204394,-1.262737498883803,0.007308196366230137,1.0078893362727117,2.2746899144154518
3.5,-5.934321622691532,0.025416061207671776,10.129321751236555,-1.2600677264286857,0.0072895563191605825,1.0065999903876521,2.272715850889827
3.51,-5.954668255899175,0.025263605844294938,10.164568898827802,-1.2572414390810998,0.007270796432905759,1.0057208635514248,2.2707233198053505
3.52,-5.975014889106816,0.0251120629255976,10.19953719385066,-1.2541839096111538,0.007251892981527257,1.0053976285575432,2.268715369205446
3.53,-5.9953615223144565,0.02496142699313152,10.234271471702455,-1.2509406962578344,0.007232857755823142,1.0055406254386907,2.2666915217653463
3.54,-6.015708155522098,0.024811692612926366,10.268934234144881,-1.247677642729005,0.007213738063327954,1.0058248614667193,2.2646477747920906
3.55,-6.0360547887297376,0.02466285437548979,10.303805649303992,-1.2446808782014074,0.007194616728312715,1.0056900111526497,2.262576600224528
3.56,-6.05640142193738,0.024514906906039073,10.339140842824824,-1.2422108563760539,0.00717556744539671,1.0046258338968168,2.260471302395315
3.57,-6.07674805514502,0.024367844901569503,10.374608484962453,-1.2399284353222502,0.00715648640729218,1.003294999663221,2.2583427556943207
3.58,-6.09709468835266,0.024221663083973013,10.409939479110944,-1.2375583215762382,0.007137294498146198,1.0022357121056291,2.256199635752396
3.59,-6.1174413215603,0.024076356197627956,10.445003982405876,-1.2349675273887046,0.007117953268665611,1.0017076673667393,2.2540465195254673
3.6,-6.137787954767939,0.023931919010444204,10.479798204969674,-1.2321518595002372,0.007098460560766133,1.0017184555832659,2.251884302072334
3.61,-6.158134587975577,0.023788346313863222,10.514444409911592,-1.2292359191413251,0.007078850507572345,1.0020235608859374,2.249710196554666
3.62,-6.178481221183215,0.023645632922857995,10.54919091332772,-1.2264731020323592,0.00705919353341769,1.0021263613994977,2.2475177342370074
3.63,-6.198827854390854,0.023503773678442773,10.584373394312658,-1.22420604389566,0.007039584700910641,1.0013555092096467,2.2452979214709594
3.64,-6.219174487598492,0.023362763484252504,10.619816405800593,-1.222254982250221,0.007019969166177291,1.0000619085413294,2.243056820516199
3.65,-6.239521120806129,0.023222597281870077,10.655179667883672,-1.2202719585883246,0.0070002508007242035,0.9989261292178487,2.240804952953404
3.66,-6.259867754013767,0.02308327003274597,10.69029360369728,-1.2180834327668075,0.006980382509207933,0.9982873349552693,2.238547859022862
3.67,-6.2802143872214025,0.022944776720973968,10.725123032794034,-1.2156531199551512,0.006960354137764405,0.9982158966031761,2.2362872472845763
3.68,-6.300561020429039,0.022807112353291133,10.7597671711438,-1.2130819906354826,0.006940192474008912,0.9985133921446727,2.2340209946182696
3.69,-6.320907653636675,0.0226702719590778,10.794459631133673,-1.2106082706025738,0.006919961247036114,0.9987126066963832,2.2317431462233808
3.7,-6.34125428684431,0.022534250591248674,10.829553166972804,-1.2085918525596193,0.006899756717940846,0.9981080416954456,2.229444361790738
3.71,-6.361600920051946,0.0223990433566864,10.864968071928118,-1.20695081706316,0.006879553226754456,0.9968591203135244,2.2271277749130713
3.72,-6.3819475532595815,0.022264645405450426,10.900329595809987,-1.205302111985404,0.0068592494287278705,0.9957153525273514,2.224804614869424
3.73,-6.402294186467215,0.022131051906350674,10.935447531496916,-1.203451187314612,0.00683879539666924,0.995057162158189,2.222480810476433
3.74,-6.42264081967485,0.02199825804998834,10.97027474047492,-1.201349541049509,0.006818178774521207,0.9949788357809063,2.22015830497538
3.75,-6.442987452882483,0.021866259048755953,11.00490715283753,-1.1990947191992847,0.006797424777360911,0.9952885227239795,2.217835056032191
3.76,-6.463334086090115,0.021735050136837332,11.0395837672858,-1.1969303157835927,0.006776596191399982,0.9955082350694913,2.215505035737435
3.77,-6.48368071929775,0.02160462657116366,11.07466831698514,-1.195227246735777,0.006755788317797493,0.9949105159358406,2.213158753758481
3.78,-6.504027352505383,0.0214749836600208,11.110068917254775,-1.1938911829113907,0.006734973904049474,0.9936791439922664,2.2107995463880648
3.79,-6.524373985713016,0.021346116751995894,11.145403515137996,-1.1925317713713384,0.006714054809972765,0.9925782343603095,2.2084385257536483
3.8,-6.544720618920648,0.021218021214029003,11.180482429288238,-1.1909550607336847,0.006692983883645255,0.9919871589209234,2.2060814182855513
3.81,-6.56506725212828,0.02109069243402682,11.215268286976062,-1.1891225160040129,0.006671752206997865,0.9919806722903174,2.203729800525233
3.82,-6.58541388533591,0.020964125820862697,11.249876024089133,-1.1871510185754237,0.006650389095814552,0.992328911819957,2.2013810991252942
3.83,-6.6057605185435415,0.020838316804376616,11.284572885132237,-1.185312866228535,0.006628962099732307,0.9924973975965632,2.1990285908494758
3.84,-6.626107151751173,0.020713260837872522,11.31972437047589,-1.1839805935616543,0.0066075628571777385,0.9917551379355622,2.1966629043259474
3.85,-6.646453784958804,0.020588953427562985,11.355119137537587,-1.1829380122072837,0.006586135974096443,0.9905248269097409,2.194290477477812
3.86,-6.666800418166433,0.020465390111318125,11.390397134546667,-1.1818173942291381,0.006564594263296752,0.9895265768982887,2.1919214885055767
3.87,-6.687147051374064,0.020342566445414104,11.425393120137224,-1.1804497813310615,0.006542898901706743,0.9890908794480913,2.189560835246693
3.88,-6.707493684581692,0.02022047800629727,11.46010403103933,-1.178831638156348,0.006521049998392738,0.9892238698845038,2.1872090898235568
3.89,-6.727840317789322,0.02009912039058413,11.494688982079053,-1.1771248522877404,0.006499086594559283,0.9896073273113513,2.184862498643509
3.9,-6.748186950996948,0.0199784892150614,11.529469266178431,-1.1756567342474338,0.006477086663549164,0.9895986746109272,2.1825129823988347
3.91,-6.768533584204579,0.019858580124430956,11.564738705570537,-1.1747265138837297,0.006455120119928157,0.9886102759852702,2.1801532659296603
3.92,-6.788880217412206,0.01973938881598842,11.600110441173452,-1.1739391015364609,0.006433093504735653,0.9874158581174645,2.1777941976394395
3.93,-6.809226850619835,0.019620911008024242,11.635287731310676,-1.1729915001699258,0.006410939497835722,0.9866089128466726,2.1754439767550373
3.94,-6.8295734838274615,0.019503142437760957,11.67015704553022,-1.1717675341791556,0.006388633197686983,0.9864165095362467,2.173105996830276
3.95,-6.849920117035088,0.01938607886182796,11.704777461148584,-1.1703270245877249,0.006366189340781753,0.9867205019840053,2.170779140736486
3.96,-6.870266750242713,0.019269716056261557,11.73938066325076,-1.1689057890477519,0.0063436623016460665,0.9870575284222338,2.168457780662506
3.97,-6.890613383450341,0.019154049816797285,11.774363273480613,-1.1679078162844827,0.006321144235770313,0.9866343539358207,2.1661319833807804
3.98,-6.910960016657967,0.019039075979345295,11.809718912111618,-1.1673260679551216,0.006298632009484184,0.9854637462453272,2.1638024732783854
3.99,-6.931306649865593,0.01892479041865068,11.845013452542966,-1.1667175151413542,0.006276028588330787,0.9844139667200826,2.161480902700776
4.0,-6.951653283073218,0.018811189026204007,11.880032449191459,-1.1658631612589017,0.006253288293616291,0.9839139146741499,2.159173133722316
4.01,-6.971999916280842,0.018698267712177034,11.9147449347273,-1.1647310252149634,0.006230405763785931,0.984025532887219,2.1568803270735004
4.02,-6.992346549488466,0.01858602240542275,11.949303420074106,-1.163476141408217,0.006207415954424009,0.9844438076046069,2.154598942140959
4.03,-7.01269318269609,0.01847444905347537,11.984043894408885,-1.1624405597288192,0.0061843941382539016,0.9844967685372571,2.1523207369674537
4.04,-7.033039815903715,0.01836354362907865,12.01928910267092,-1.1619527770375178,0.006161411311942434,0.9835389338199326,2.150037874716703
4.05,-7.053386449111338,0.018253302152176264,12.054635314947713,-1.1616007987565142,0.006138378803927134,0.9823777711586957,2.147761106987046
4.06,-7.073733082318961,0.018143720662711513,12.08976756661732,-1.1610632677174426,0.006115231694849203,0.9816432176455817,2.145498682516973
4.07,-7.094079715526585,0.01803479521820239,12.12457711950239,-1.160228972622871,0.006091948783528118,0.9815527574583874,2.143253647274852
4.08,-7.114426348734206,0.01792652189416185,12.159149924852025,-1.159185079549063,0.006068549813631916,0.9819344958953767,2.141024152230929
4.09,-7.134772981941827,0.017818896784097767,12.1937666233418,-1.158217131945979,0.006045095473677174,0.9822271593752805,2.138803453357328
4.1,-7.155119615149449,0.01771191600109825,12.228850586802528,-1.1577560906563382,0.006021676010365838,0.9815840119738747,2.1365812405140314
4.11,-7.175466248357072,0.017605575700014805,12.264200787864846,-1.1575966053899531,0.005998248237278296,0.9804071160533714,2.1343629900346683
4.12,-7.1958128815646925,0.017499872063689383,12.299404816555786,-1.157318121055135,0.00597472940843699,0.9795212991197719,2.1321592243935563
4.13,-7.216159514772313,0.017394801291056566,12.334290859990807,-1.1567452184046583,0.005951086779732252,0.9792701944812908,2.1299744461887222
4.14,-7.236506147979932,0.017290359598398027,12.368893299701831,-1.1559125126917158,0.005927329118658521,0.9795850465875008,2.1278080675717237
4.15,-7.256852781187553,0.017186543219342525,12.403452711637255,-1.1550646536699205,0.005903506704314333,0.9799847110293325,2.1256544102476496
4.16,-7.277199414395173,0.017083348405163908,12.438405240995648,-1.1546454983863679,0.005879709077054569,0.9795969048705433,2.1235029732869117
4.17,-7.297546047602792,0.016980771441953754,12.473736663179125,-1.154640050611028,0.005855932569680568,0.9784500846779007,2.1213544892417673
4.18,-7.31789268081041,0.016878808649021467,12.508977199911161,-1.1545694289448367,0.005832085916347535,0.9774838142915613,2.1192207055218804
4.19,-7.338239314018031,0.016777456361050935,12.543909070692964,-1.154211465990664,0.005808129120600271,0.9771336619766574,2.1171071186162504
4.2,-7.358585947225648,0.016676710929461123,12.578532492795691,-1.1535659858615,0.005784064205759712,0.9773992004335497,2.1150139372028622
4.21,-7.378932580433264,0.016576568722406017,12.613065681260482,-1.1528548041804547,0.005759935214922922,0.977844006797827,2.1129360821486833
4.22,-7.399279213640881,0.01647702612482903,12.647942730763683,-1.1525195702577213,0.005735827778800489,0.9775998989095889,2.110863239072503
4.23,-7.4196258468485,0.01637807955201834,12.683254720728678,-1.152652545304521,0.005711759007604279,0.9764847250400196,2.108793525024208
4.24,-7.439972480056116,0.016279725453939794,12.718505031981445,-1.1527476488234867,0.005687636025911357,0.97549173056448,2.106739122416045
4.25,-7.460319113263732,0.016181960295616124,12.753449405565735,-1.1525558321401614,0.005663415827218113,0.9751094404031844,2.1047060268474667
4.26,-7.480665746471347,0.01608478055822585,12.788073715337324,-1.1520623289085208,0.0056390978822066385,0.9753661138282482,2.1026947460327334
4.27,-7.501012379678961,0.01598818273910326,12.822593967964027,-1.1514866551109724,0.0056147241387447125,0.9758297444636882,2.100700299800913
4.28,-7.521359012886578,0.015892163351781886,12.857454437511903,-1.1512807092660868,0.00559037865733469,0.9756117911128488,2.0987122655830017
4.29,-7.541705646094194,0.01579671893851943,12.892758993770464,-1.1515497631483125,0.005566080335434988,0.9745045210619295,2.096728446473582
4.3,-7.562052279301808,0.015701846074850163,12.927997230994235,-1.1517738574091783,0.005541737849610922,0.973528752580348,2.0947611123400267
4.31,-7.582398912509421,0.015607541350973841,12.962920315379062,-1.1516993680728962,0.005517309351886519,0.9731821600354132,2.092816231539971
4.32,-7.6027455457170365,0.015513801372696744,12.997522049068172,-1.151319615140387,0.00549279588572717,0.9734771458764248,2.09089408095021
4.33,-7.623092178924649,0.01542062276143169,13.03203887015216,-1.1508748625892804,0.005468241386039643,0.9739408406346726,2.088989245966699
4.34,-7.643438812132262,0.015328002154379638,13.066941203500647,-1.150843512696672,0.005443731069594309,0.9736324012594783,2.087090827371106
4.35,-7.663785445339875,0.015235936218142433,13.102250136660711,-1.1512465685776043,0.005419268368768732,0.972509659271341,2.0851985739560597
4.36,-7.6841320785474885,0.015144421649031245,13.137452914800251,-1.1515618531217087,0.00539476601613813,0.971598130874131,2.0833245520538837
4.37,-7.7044787117551,0.015053455157499757,13.172320541941478,-1.1515560075110167,0.005370187405585939,0.9713558145442625,2.0814741438461994
4.38,-7.724825344962711,0.0149630334690868,13.206879552105388,-1.1512556725483234,0.005345539198077955,0.9717296487380792,2.0796468324683715
4.39,-7.745171978170321,0.01487315332441638,13.241412009311748,-1.1509474886571875,0.005320871321662348,0.9721555118918552,2.0778362020095082
4.4,-7.765518611377933,0.014783811479995036,13.27641318943497,-1.1511350263645386,0.005296269497728705,0.9716428587071309,2.076030929589111
4.41,-7.785865244585544,0.014695004723740253,13.31172513901063,-1.1516571310069912,0.005271706804525239,0.9705076024806605,2.0742348616856243
4.42,-7.806211877793155,0.014606729867912626,13.346861623065148,-1.152018784377888,0.005247104919653559,0.9697222194709169,2.0724591964137815
4.43,-7.826558511000764,0.014518983738525285,13.381640515812512,-1.1520343793874281,0.0052224364692238555,0.9696509675426334,2.070708136954134
4.44,-7.846905144208374,0.014431763176181365,13.416148514308603,-1.1517917661490427,0.00519771768524327,0.9701204588549146,2.068979775822518
4.45,-7.867251777415983,0.014345065036074032,13.450741138451205,-1.1516522519793935,0.005173008405615904,0.9704196598612365,2.0672660948700567
4.46,-7.887598410623591,0.014258886190696788,13.485882420107474,-1.152087496377021,0.005148385219030221,0.9696205130445479,2.0655566507414753
4.47,-7.907945043831199,0.01417322354537346,13.521172996924864,-1.1526908598295436,0.00512378389299541,0.9685217492384931,2.063860648180161
4.48,-7.928291677038809,0.014088074023500088,13.556202826064228,-1.1530449836204277,0.0050991422679660565,0.9679434602149606,2.062187332114664
4.49,-7.948638310246416,0.014003434562173851,13.590866397218297,-1.1530422389524775,0.005074446090141324,0.968096672662484,2.060539099168221
4.5,-7.968984943454021,0.013919302112611465,13.625340715323352,-1.152862314462847,0.005049725014370144,0.9686273827613601,2.05891201970713
4.51,-7.989331576661629,0.013835673640149215,13.660085300559206,-1.1529722162230396,0.0050250526041512224,0.968616556183649,2.0572958378407473
4.52,-8.009678209869236,0.01375254613171898,13.69535058710561,-1.1536262465342142,0.005000468115664108,0.9675633305528993,2.055685066548522
4.53,-8.030024843076843,0.013669916604062277,13.730569028703412,-1.154246903702833,0.004975885585214396,0.9666028042917966,2.0540924210954117
4.54,-8.050371476284448,0.013587782087425023,13.765447485658267,-1.1545358249989288,0.004951263448830618,0.9663212626738219,2.0525243785314573
4.55,-8.070718109492054,0.013506139625722528,13.799989607414705,-1.154496413045486,0.004926604349132871,0.9667114126742032,2.0509808659945667
4.56,-8.091064742699658,0.013424986276542638,13.834495640089711,-1.1544336400069402,0.004901955103405686,0.9671727679027312,2.049455265121701
4.57,-8.111411375907265,0.013344319112013078,13.869501522942961,-1.1548921098224643,0.004877397269880336,0.9666334556600857,2.0479357741953703
4.58,-8.13175800911487,0.013264135232126197,13.90479651295017,-1.1556571687785233,0.004852899469940392,0.9655149677422387,2.046427146755253
4.59,-8.152104642322474,0.013184431757657367,13.939872421088719,-1.1562118819035043,0.004828389903728524,0.964833687895075,2.0449404904193758
4.6,-8.172451275530078,0.013105205822026926,13.974566407642303,-1.1563904247214665,0.004803847361038225,0.9649153012341937,2.043479332489965
4.61,-8.192797908737681,0.01302645457190295,14.009026679140497,-1.1563431649993965,0.0047792950339152285,0.9654634003635102,2.042040432400211
4.62,-8.213144541945283,0.012948175167201308,14.043712488358736,-1.1565366627472082,0.004754800516657511,0.9655594853752568,2.040613781714266
4.63,-8.233491175152887,0.012870364786672027,14.078954843824086,-1.1573070579566123,0.004730411566097159,0.9645415448179537,2.0391922375452913
4.64,-8.253837808360489,0.012793020637039734,14.11416927955239,-1.1580599303149213,0.004706046556974976,0.9635785161886125,2.0377884946894165
4.65,-8.274184441568092,0.012716139938190752,14.149033142652492,-1.1584670833206518,0.00468166325968326,0.9633157107780699,2.036409442462178
4.66,-8.294531074775692,0.012639719922828373,14.18355161504383,-1.1585335101957974,0.004657264340020099,0.9637427702366703,2.035054932920952
4.67,-8.314877707983293,0.01256375783649988,14.218055728507185,-1.1585953753307265,0.004632897055057162,0.9641976364727218,2.0337178251158363
4.68,-8.335224341190894,0.012488250938791698,14.253101456423654,-1.1592174401644617,0.00460863894925593,0.963568368170114,2.0323861757086403
4.69,-8.355570974398498,0.012413196515607506,14.288381084363351,-1.1600866343778033,0.00458444807224702,0.9624703995658833,2.031066634046056
4.7,-8.375917607606098,0.012338591870745715,14.323394983901444,-1.16069498310973,0.00456025982563783,0.9619029928488315,2.0297697715697494
4.71,-8.396264240813696,0.012264434320022234,14.358016168516023,-1.1609131961895856,0.004536059413356401,0.9621201263847426,2.0284982220150796
4.72,-8.416610874021295,0.012190721191712902,14.392458654683601,-1.1609584851432453,0.0045118767825537785,0.9626937725237119,2.027247398335135
4.73,-8.436957507228897,0.012117449826624995,14.427271024848576,-1.1613880207069642,0.004487785734353009,0.9625267716609538,2.0260056313141153
4.74,-8.457304140436495,0.012044617586427204,14.462547535777137,-1.1622972547097532,0.004463798534034629,0.9614306154983695,2.0247709674888545
4.75,-8.477650773644093,0.01197222185550156,14.497674761140058,-1.16306266448554,0.004439837469445886,0.9606321618722248,2.023556276884902
4.76,-8.497997406851692,0.01190026002997274,14.53240628160169,-1.1634336670991476,0.004415873298635662,0.9606242546147264,2.0223666383341694
4.77,-8.518344040059286,0.01182872951805963,14.566852185848905,-1.163521865821057,0.004391921640225132,0.961186721494689,2.021199679458207
4.78,-8.538690673266885,0.011757627740075303,14.601479070591113,-1.1638010501274056,0.004368042973407758,0.9613863742175346,2.0200455766682053
4.79,-8.559037306474483,0.01168695213246802,14.63669695646059,-1.1646874862960606,0.004344289384397612,0.9604031766097135,2.0188957539750714
4.8,-8.57938393968208,0.011616700156539404,14.671898355719945,-1.1655637712567977,0.00432058578904497,0.9594521091718762,2.0177628456066192
4.81,-8.599730572889676,0.011546869286083122,14.706727371640794,-1.1660681830919932,0.004296890817952926,0.9592449703663952,2.016654114020363
4.82,-8.620077206097273,0.011477457006588986,14.741205170205383,-1.166221998911791,0.004273208684724006,0.9597394332166836,2.0155690367883805
4.83,-8.640423839304868,0.011408460815292412,14.775725286961384,-1.166424725201232,0.004249588548967871,0.9601484315974245,2.0144994071295987
4.84,-8.660770472512462,0.011339878223062379,14.810845007635983,-1.16724216787799,0.0042260985891138594,0.9593573989994736,2.013433678050521
4.85,-8.681117105720057,0.011271706764686735,14.84608765076665,-1.168189887746981,0.0042026817211961685,0.9583197032305855,2.012381656147696
4.86,-8.701463738927652,0.011203943989172594,14.88099191415969,-1.1687991866508975,0.004179285650563808,0.9579579535335848,2.011352667993914
4.87,-8.721810372135247,0.011136587456717827,14.915507000600524,-1.1690182718938706,0.004155906041649728,0.9583737491764655,2.01034765103172
4.88,-8.74215700534284,0.011069634738933222,14.949970704078352,-1.1691899855893397,0.004132583560862692,0.9588915070022606,2.0093596224562833
4.89,-8.762503638550431,0.011003083419780907,14.984997295874509,-1.169937930307718,0.004109390448601572,0.9582826892488585,2.0083759879683765
4.9,-8.782850271758027,0.010936931105314343,15.020258263215037,-1.1709282276268056,0.004086288648773168,0.9572043262081275,2.007403423101387
4.91,-8.803196904965619,0.010871175417203553,15.055212684901894,-1.171611419144768,0.004063218677971668,0.9567382649870454,2.0064527548263427
4.92,-8.82354353817321,0.010805813987896434,15.089756754840423,-1.1718819133493583,0.004040170432111032,0.95709212247004,2.0055259650440314
4.93,-8.843890171380801,0.010740844460936075,15.124191841042261,-1.1720455223959316,0.0040171788376636266,0.9576631673119547,2.0046168767758528
4.94,-8.864236804588396,0.010676264491508774,15.159153598357216,-1.172747473620383,0.003994315678803827,0.9571800944723057,2.0037125975482932
4.95,-8.884583437795987,0.010612071755253763,15.194419862302661,-1.1737619401674184,0.003971556037783911,0.956087237524107,2.0028175786241866
4.96,-8.904930071003578,0.010548263944045394,15.22939954810798,-1.1744886351723987,0.0039488371187763344,0.9555667705803725,2.001943522888508
4.97,-8.925276704211168,0.010484838760224092,15.26395683173246,-1.1747894957616205,0.003926145748845102,0.9558903462789685,2.0010930159436184
4.98,-8.945623337418759,0.010421793916921687,15.298378006085501,-1.1749549936406876,0.0039035137885587764,0.9564853833409559,2.0002602432053704
4.99,-8.965969970626348,0.010359127138766676,15.333268434533716,-1.1755995194366489,0.0038810070630624846,0.9561411595538162,1.999433044567308
5.0,-8.986316603833938,0.01029683617073256,15.36824579776353,-1.1763347438693852,0.0038585852820851294,0.9556223180137972,1.9986189520424573
